Krzysztof1,Kowalski1,42
Krzysztof2,Kowalski2,86
Krzysztof3,Kowalski3,22
Krzysztof4,Kowalski4,51
Krzysztof5,Kowalski5,82
Krzysztof6,Kowalski6,79
Krzysztof7,Kowalski7,8
Krzysztof8,Kowalski8,100
Krzysztof9,Kowalski9,48
Krzysztof10,Kowalski10,79
Krzysztof11,Kowalski11,22
Krzysztof12,Kowalski12,26
Krzysztof13,Kowalski13,61
Krzysztof14,Kowalski14,43
Krzysztof15,Kowalski15,80
Krzysztof16,Kowalski16,64
Krzysztof17,Kowalski17,58
Krzysztof18,Kowalski18,22
Krzysztof19,Kowalski19,82
Krzysztof20,Kowalski20,52
Krzysztof21,Kowalski21,35
Krzysztof22,Kowalski22,69
Krzysztof23,Kowalski23,75
Krzysztof24,Kowalski24,96
Krzysztof25,Kowalski25,20
Krzysztof26,Kowalski26,37
Krzysztof27,Kowalski27,2
Krzysztof28,Kowalski28,23
Krzysztof29,Kowalski29,92
Krzysztof30,Kowalski30,21
Krzysztof31,Kowalski31,67
Krzysztof32,Kowalski32,89
Krzysztof33,Kowalski33,66
Krzysztof34,Kowalski34,86
Krzysztof35,Kowalski35,73
Krzysztof36,Kowalski36,29
Krzysztof37,Kowalski37,70
Krzysztof38,Kowalski38,101
Krzysztof39,Kowalski39,91
Krzysztof40,Kowalski40,23
Krzysztof41,Kowalski41,58
Krzysztof42,Kowalski42,46
Krzysztof43,Kowalski43,67
Krzysztof44,Kowalski44,91
Krzysztof45,Kowalski45,13
Krzysztof46,Kowalski46,33
Krzysztof47,Kowalski47,16
Krzysztof48,Kowalski48,62
Krzysztof49,Kowalski49,51
Krzysztof50,Kowalski50,9
Krzysztof51,Kowalski51,37
Krzysztof52,Kowalski52,79
Krzysztof53,Kowalski53,70
Krzysztof54,Kowalski54,101
Krzysztof55,Kowalski55,9
Krzysztof56,Kowalski56,3
Krzysztof57,Kowalski57,82
Krzysztof58,Kowalski58,84
Krzysztof59,Kowalski59,14
Krzysztof60,Kowalski60,10
Krzysztof61,Kowalski61,25
Krzysztof62,Kowalski62,33
Krzysztof63,Kowalski63,62
Krzysztof64,Kowalski64,32
Krzysztof65,Kowalski65,49
Krzysztof66,Kowalski66,13
Krzysztof67,Kowalski67,46
Krzysztof68,Kowalski68,71
Krzysztof69,Kowalski69,25
Krzysztof70,Kowalski70,36
Krzysztof71,Kowalski71,6
Krzysztof72,Kowalski72,33
Krzysztof73,Kowalski73,82
Krzysztof74,Kowalski74,63
Krzysztof75,Kowalski75,79
Krzysztof76,Kowalski76,65
Krzysztof77,Kowalski77,100
Krzysztof78,Kowalski78,49
Krzysztof79,Kowalski79,86
Krzysztof80,Kowalski80,84
Krzysztof81,Kowalski81,90
Krzysztof82,Kowalski82,90
Krzysztof83,Kowalski83,26
Krzysztof84,Kowalski84,40
Krzysztof85,Kowalski85,70
Krzysztof86,Kowalski86,27
Krzysztof87,Kowalski87,47
Krzysztof88,Kowalski88,64
Krzysztof89,Kowalski89,44
Krzysztof90,Kowalski90,22
Krzysztof91,Kowalski91,55
Krzysztof92,Kowalski92,87
Krzysztof93,Kowalski93,97
Krzysztof94,Kowalski94,81
Krzysztof95,Kowalski95,64
Krzysztof96,Kowalski96,95
Krzysztof97,Kowalski97,44
Krzysztof98,Kowalski98,68
Krzysztof99,Kowalski99,74
Krzysztof100,Kowalski100,43
Krzysztof101,Kowalski101,55
Krzysztof102,Kowalski102,46
Krzysztof103,Kowalski103,63
Krzysztof104,Kowalski104,99
Krzysztof105,Kowalski105,19
Krzysztof106,Kowalski106,63
Krzysztof107,Kowalski107,98
Krzysztof108,Kowalski108,66
Krzysztof109,Kowalski109,28
Krzysztof110,Kowalski110,79
Krzysztof111,Kowalski111,14
Krzysztof112,Kowalski112,83
Krzysztof113,Kowalski113,31
Krzysztof114,Kowalski114,61
Krzysztof115,Kowalski115,62
Krzysztof116,Kowalski116,52
Krzysztof117,Kowalski117,51
Krzysztof118,Kowalski118,91
Krzysztof119,Kowalski119,92
Krzysztof120,Kowalski120,62
Krzysztof121,Kowalski121,93
Krzysztof122,Kowalski122,94
Krzysztof123,Kowalski123,6
Krzysztof124,Kowalski124,34
Krzysztof125,Kowalski125,85
Krzysztof126,Kowalski126,52
Krzysztof127,Kowalski127,50
Krzysztof128,Kowalski128,15
Krzysztof129,Kowalski129,36
Krzysztof130,Kowalski130,55
Krzysztof131,Kowalski131,40
Krzysztof132,Kowalski132,86
Krzysztof133,Kowalski133,52
Krzysztof134,Kowalski134,101
Krzysztof135,Kowalski135,52
Krzysztof136,Kowalski136,83
Krzysztof137,Kowalski137,8
Krzysztof138,Kowalski138,84
Krzysztof139,Kowalski139,41
Krzysztof140,Kowalski140,63
Krzysztof141,Kowalski141,23
Krzysztof142,Kowalski142,12
Krzysztof143,Kowalski143,44
Krzysztof144,Kowalski144,15
Krzysztof145,Kowalski145,98
Krzysztof146,Kowalski146,81
Krzysztof147,Kowalski147,31
Krzysztof148,Kowalski148,18
Krzysztof149,Kowalski149,20
Krzysztof150,Kowalski150,97
Krzysztof151,Kowalski151,55
Krzysztof152,Kowalski152,74
Krzysztof153,Kowalski153,93
Krzysztof154,Kowalski154,46
Krzysztof155,Kowalski155,46
Krzysztof156,Kowalski156,39
Krzysztof157,Kowalski157,80
Krzysztof158,Kowalski158,6
Krzysztof159,Kowalski159,69
Krzysztof160,Kowalski160,42
Krzysztof161,Kowalski161,60
Krzysztof162,Kowalski162,82
Krzysztof163,Kowalski163,37
Krzysztof164,Kowalski164,99
Krzysztof165,Kowalski165,67
Krzysztof166,Kowalski166,67
Krzysztof167,Kowalski167,91
Krzysztof168,Kowalski168,83
Krzysztof169,Kowalski169,4
Krzysztof170,Kowalski170,62
Krzysztof171,Kowalski171,84
Krzysztof172,Kowalski172,64
Krzysztof173,Kowalski173,2
Krzysztof174,Kowalski174,35
Krzysztof175,Kowalski175,56
Krzysztof176,Kowalski176,82
Krzysztof177,Kowalski177,24
Krzysztof178,Kowalski178,30
Krzysztof179,Kowalski179,25
Krzysztof180,Kowalski180,73
Krzysztof181,Kowalski181,54
Krzysztof182,Kowalski182,21
Krzysztof183,Kowalski183,81
Krzysztof184,Kowalski184,67
Krzysztof185,Kowalski185,80
Krzysztof186,Kowalski186,31
Krzysztof187,Kowalski187,80
Krzysztof188,Kowalski188,37
Krzysztof189,Kowalski189,12
Krzysztof190,Kowalski190,64
Krzysztof191,Kowalski191,35
Krzysztof192,Kowalski192,95
Krzysztof193,Kowalski193,65
Krzysztof194,Kowalski194,76
Krzysztof195,Kowalski195,44
Krzysztof196,Kowalski196,48
Krzysztof197,Kowalski197,25
Krzysztof198,Kowalski198,34
Krzysztof199,Kowalski199,94
Krzysztof200,Kowalski200,35
Krzysztof201,Kowalski201,92
Krzysztof202,Kowalski202,102
Krzysztof203,Kowalski203,94
Krzysztof204,Kowalski204,25
Krzysztof205,Kowalski205,57
Krzysztof206,Kowalski206,72
Krzysztof207,Kowalski207,66
Krzysztof208,Kowalski208,30
Krzysztof209,Kowalski209,100
Krzysztof210,Kowalski210,18
Krzysztof211,Kowalski211,31
Krzysztof212,Kowalski212,80
Krzysztof213,Kowalski213,9
Krzysztof214,Kowalski214,23
Krzysztof215,Kowalski215,91
Krzysztof216,Kowalski216,70
Krzysztof217,Kowalski217,62
Krzysztof218,Kowalski218,32
Krzysztof219,Kowalski219,39
Krzysztof220,Kowalski220,61
Krzysztof221,Kowalski221,58
Krzysztof222,Kowalski222,96
Krzysztof223,Kowalski223,49
Krzysztof224,Kowalski224,64
Krzysztof225,Kowalski225,65
Krzysztof226,Kowalski226,49
Krzysztof227,Kowalski227,86
Krzysztof228,Kowalski228,75
Krzysztof229,Kowalski229,21
Krzysztof230,Kowalski230,9
Krzysztof231,Kowalski231,46
Krzysztof232,Kowalski232,66
Krzysztof233,Kowalski233,34
Krzysztof234,Kowalski234,96
Krzysztof235,Kowalski235,71
Krzysztof236,Kowalski236,54
Krzysztof237,Kowalski237,19
Krzysztof238,Kowalski238,81
Krzysztof239,Kowalski239,97
Krzysztof240,Kowalski240,62
Krzysztof241,Kowalski241,86
Krzysztof242,Kowalski242,3
Krzysztof243,Kowalski243,45
Krzysztof244,Kowalski244,29
Krzysztof245,Kowalski245,48
Krzysztof246,Kowalski246,79
Krzysztof247,Kowalski247,55
Krzysztof248,Kowalski248,74
Krzysztof249,Kowalski249,96
Krzysztof250,Kowalski250,98
Krzysztof251,Kowalski251,60
Krzysztof252,Kowalski252,52
Krzysztof253,Kowalski253,50
Krzysztof254,Kowalski254,4
Krzysztof255,Kowalski255,8
Krzysztof256,Kowalski256,25
Krzysztof257,Kowalski257,97
Krzysztof258,Kowalski258,38
Krzysztof259,Kowalski259,54
Krzysztof260,Kowalski260,101
Krzysztof261,Kowalski261,52
Krzysztof262,Kowalski262,52
Krzysztof263,Kowalski263,52
Krzysztof264,Kowalski264,80
Krzysztof265,Kowalski265,80
Krzysztof266,Kowalski266,12
Krzysztof267,Kowalski267,40
Krzysztof268,Kowalski268,7
Krzysztof269,Kowalski269,65
Krzysztof270,Kowalski270,24
Krzysztof271,Kowalski271,67
Krzysztof272,Kowalski272,15
Krzysztof273,Kowalski273,74
Krzysztof274,Kowalski274,33
Krzysztof275,Kowalski275,44
Krzysztof276,Kowalski276,98
Krzysztof277,Kowalski277,60
Krzysztof278,Kowalski278,70
Krzysztof279,Kowalski279,59
Krzysztof280,Kowalski280,35
Krzysztof281,Kowalski281,9
Krzysztof282,Kowalski282,4
Krzysztof283,Kowalski283,14
Krzysztof284,Kowalski284,92
Krzysztof285,Kowalski285,28
Krzysztof286,Kowalski286,54
Krzysztof287,Kowalski287,78
Krzysztof288,Kowalski288,21
Krzysztof289,Kowalski289,74
Krzysztof290,Kowalski290,27
Krzysztof291,Kowalski291,65
Krzysztof292,Kowalski292,10
Krzysztof293,Kowalski293,98
Krzysztof294,Kowalski294,79
Krzysztof295,Kowalski295,78
Krzysztof296,Kowalski296,33
Krzysztof297,Kowalski297,24
Krzysztof298,Kowalski298,52
Krzysztof299,Kowalski299,48
Krzysztof300,Kowalski300,63
Krzysztof301,Kowalski301,27
Krzysztof302,Kowalski302,27
Krzysztof303,Kowalski303,35
Krzysztof304,Kowalski304,16
Krzysztof305,Kowalski305,68
Krzysztof306,Kowalski306,45
Krzysztof307,Kowalski307,95
Krzysztof308,Kowalski308,16
Krzysztof309,Kowalski309,25
Krzysztof310,Kowalski310,46
Krzysztof311,Kowalski311,21
Krzysztof312,Kowalski312,90
Krzysztof313,Kowalski313,29
Krzysztof314,Kowalski314,32
Krzysztof315,Kowalski315,10
Krzysztof316,Kowalski316,25
Krzysztof317,Kowalski317,11
Krzysztof318,Kowalski318,4
Krzysztof319,Kowalski319,41
Krzysztof320,Kowalski320,64
Krzysztof321,Kowalski321,67
Krzysztof322,Kowalski322,92
Krzysztof323,Kowalski323,78
Krzysztof324,Kowalski324,22
Krzysztof325,Kowalski325,71
Krzysztof326,Kowalski326,90
Krzysztof327,Kowalski327,98
Krzysztof328,Kowalski328,22
Krzysztof329,Kowalski329,26
Krzysztof330,Kowalski330,21
Krzysztof331,Kowalski331,21
Krzysztof332,Kowalski332,43
Krzysztof333,Kowalski333,45
Krzysztof334,Kowalski334,60
Krzysztof335,Kowalski335,40
Krzysztof336,Kowalski336,89
Krzysztof337,Kowalski337,21
Krzysztof338,Kowalski338,59
Krzysztof339,Kowalski339,19
Krzysztof340,Kowalski340,43
Krzysztof341,Kowalski341,35
Krzysztof342,Kowalski342,97
Krzysztof343,Kowalski343,50
Krzysztof344,Kowalski344,38
Krzysztof345,Kowalski345,64
Krzysztof346,Kowalski346,47
Krzysztof347,Kowalski347,15
Krzysztof348,Kowalski348,5
Krzysztof349,Kowalski349,28
Krzysztof350,Kowalski350,17
Krzysztof351,Kowalski351,18
Krzysztof352,Kowalski352,20
Krzysztof353,Kowalski353,72
Krzysztof354,Kowalski354,12
Krzysztof355,Kowalski355,98
Krzysztof356,Kowalski356,25
Krzysztof357,Kowalski357,71
Krzysztof358,Kowalski358,33
Krzysztof359,Kowalski359,42
Krzysztof360,Kowalski360,38
Krzysztof361,Kowalski361,4
Krzysztof362,Kowalski362,86
Krzysztof363,Kowalski363,12
Krzysztof364,Kowalski364,71
Krzysztof365,Kowalski365,46
Krzysztof366,Kowalski366,78
Krzysztof367,Kowalski367,96
Krzysztof368,Kowalski368,39
Krzysztof369,Kowalski369,80
Krzysztof370,Kowalski370,66
Krzysztof371,Kowalski371,67
Krzysztof372,Kowalski372,74
Krzysztof373,Kowalski373,69
Krzysztof374,Kowalski374,46
Krzysztof375,Kowalski375,27
Krzysztof376,Kowalski376,51
Krzysztof377,Kowalski377,75
Krzysztof378,Kowalski378,80
Krzysztof379,Kowalski379,49
Krzysztof380,Kowalski380,87
Krzysztof381,Kowalski381,26
Krzysztof382,Kowalski382,89
Krzysztof383,Kowalski383,32
Krzysztof384,Kowalski384,44
Krzysztof385,Kowalski385,78
Krzysztof386,Kowalski386,67
Krzysztof387,Kowalski387,40
Krzysztof388,Kowalski388,19
Krzysztof389,Kowalski389,17
Krzysztof390,Kowalski390,88
Krzysztof391,Kowalski391,32
Krzysztof392,Kowalski392,30
Krzysztof393,Kowalski393,88
Krzysztof394,Kowalski394,53
Krzysztof395,Kowalski395,70
Krzysztof396,Kowalski396,63
Krzysztof397,Kowalski397,91
Krzysztof398,Kowalski398,5
Krzysztof399,Kowalski399,58
Krzysztof400,Kowalski400,41
Krzysztof401,Kowalski401,81
Krzysztof402,Kowalski402,91
Krzysztof403,Kowalski403,100
Krzysztof404,Kowalski404,71
Krzysztof405,Kowalski405,52
Krzysztof406,Kowalski406,93
Krzysztof407,Kowalski407,18
Krzysztof408,Kowalski408,10
Krzysztof409,Kowalski409,85
Krzysztof410,Kowalski410,85
Krzysztof411,Kowalski411,29
Krzysztof412,Kowalski412,94
Krzysztof413,Kowalski413,35
Krzysztof414,Kowalski414,60
Krzysztof415,Kowalski415,7
Krzysztof416,Kowalski416,41
Krzysztof417,Kowalski417,24
Krzysztof418,Kowalski418,98
Krzysztof419,Kowalski419,76
Krzysztof420,Kowalski420,15
Krzysztof421,Kowalski421,70
Krzysztof422,Kowalski422,81
Krzysztof423,Kowalski423,61
Krzysztof424,Kowalski424,72
Krzysztof425,Kowalski425,5
Krzysztof426,Kowalski426,95
Krzysztof427,Kowalski427,57
Krzysztof428,Kowalski428,7
Krzysztof429,Kowalski429,48
Krzysztof430,Kowalski430,41
Krzysztof431,Kowalski431,61
Krzysztof432,Kowalski432,63
Krzysztof433,Kowalski433,80
Krzysztof434,Kowalski434,101
Krzysztof435,Kowalski435,90
Krzysztof436,Kowalski436,40
Krzysztof437,Kowalski437,32
Krzysztof438,Kowalski438,42
Krzysztof439,Kowalski439,96
Krzysztof440,Kowalski440,54
Krzysztof441,Kowalski441,78
Krzysztof442,Kowalski442,98
Krzysztof443,Kowalski443,43
Krzysztof444,Kowalski444,23
Krzysztof445,Kowalski445,81
Krzysztof446,Kowalski446,71
Krzysztof447,Kowalski447,25
Krzysztof448,Kowalski448,77
Krzysztof449,Kowalski449,62
Krzysztof450,Kowalski450,49
Krzysztof451,Kowalski451,55
Krzysztof452,Kowalski452,42
Krzysztof453,Kowalski453,93
Krzysztof454,Kowalski454,71
Krzysztof455,Kowalski455,93
Krzysztof456,Kowalski456,3
Krzysztof457,Kowalski457,31
Krzysztof458,Kowalski458,86
Krzysztof459,Kowalski459,10
Krzysztof460,Kowalski460,43
Krzysztof461,Kowalski461,68
Krzysztof462,Kowalski462,26
Krzysztof463,Kowalski463,23
Krzysztof464,Kowalski464,85
Krzysztof465,Kowalski465,14
Krzysztof466,Kowalski466,49
Krzysztof467,Kowalski467,23
Krzysztof468,Kowalski468,66
Krzysztof469,Kowalski469,96
Krzysztof470,Kowalski470,29
Krzysztof471,Kowalski471,69
Krzysztof472,Kowalski472,63
Krzysztof473,Kowalski473,98
Krzysztof474,Kowalski474,3
Krzysztof475,Kowalski475,94
Krzysztof476,Kowalski476,38
Krzysztof477,Kowalski477,100
Krzysztof478,Kowalski478,67
Krzysztof479,Kowalski479,67
Krzysztof480,Kowalski480,100
Krzysztof481,Kowalski481,56
Krzysztof482,Kowalski482,75
Krzysztof483,Kowalski483,37
Krzysztof484,Kowalski484,9
Krzysztof485,Kowalski485,100
Krzysztof486,Kowalski486,27
Krzysztof487,Kowalski487,81
Krzysztof488,Kowalski488,4
Krzysztof489,Kowalski489,50
Krzysztof490,Kowalski490,34
Krzysztof491,Kowalski491,28
Krzysztof492,Kowalski492,62
Krzysztof493,Kowalski493,100
Krzysztof494,Kowalski494,4
Krzysztof495,Kowalski495,82
Krzysztof496,Kowalski496,48
Krzysztof497,Kowalski497,30
Krzysztof498,Kowalski498,95
Krzysztof499,Kowalski499,73
Krzysztof500,Kowalski500,13
Krzysztof501,Kowalski501,86
Krzysztof502,Kowalski502,18
Krzysztof503,Kowalski503,49
Krzysztof504,Kowalski504,2
Krzysztof505,Kowalski505,65
Krzysztof506,Kowalski506,7
Krzysztof507,Kowalski507,50
Krzysztof508,Kowalski508,83
Krzysztof509,Kowalski509,42
Krzysztof510,Kowalski510,59
Krzysztof511,Kowalski511,17
Krzysztof512,Kowalski512,44
Krzysztof513,Kowalski513,46
Krzysztof514,Kowalski514,89
Krzysztof515,Kowalski515,8
Krzysztof516,Kowalski516,14
Krzysztof517,Kowalski517,77
Krzysztof518,Kowalski518,62
Krzysztof519,Kowalski519,90
Krzysztof520,Kowalski520,17
Krzysztof521,Kowalski521,3
Krzysztof522,Kowalski522,83
Krzysztof523,Kowalski523,84
Krzysztof524,Kowalski524,57
Krzysztof525,Kowalski525,48
Krzysztof526,Kowalski526,52
Krzysztof527,Kowalski527,88
Krzysztof528,Kowalski528,68
Krzysztof529,Kowalski529,84
Krzysztof530,Kowalski530,30
Krzysztof531,Kowalski531,20
Krzysztof532,Kowalski532,9
Krzysztof533,Kowalski533,20
Krzysztof534,Kowalski534,13
Krzysztof535,Kowalski535,29
Krzysztof536,Kowalski536,98
Krzysztof537,Kowalski537,72
Krzysztof538,Kowalski538,37
Krzysztof539,Kowalski539,17
Krzysztof540,Kowalski540,42
Krzysztof541,Kowalski541,17
Krzysztof542,Kowalski542,62
Krzysztof543,Kowalski543,15
Krzysztof544,Kowalski544,23
Krzysztof545,Kowalski545,85
Krzysztof546,Kowalski546,11
Krzysztof547,Kowalski547,27
Krzysztof548,Kowalski548,85
Krzysztof549,Kowalski549,73
Krzysztof550,Kowalski550,62
Krzysztof551,Kowalski551,4
Krzysztof552,Kowalski552,89
Krzysztof553,Kowalski553,92
Krzysztof554,Kowalski554,56
Krzysztof555,Kowalski555,84
Krzysztof556,Kowalski556,5
Krzysztof557,Kowalski557,28
Krzysztof558,Kowalski558,20
Krzysztof559,Kowalski559,23
Krzysztof560,Kowalski560,51
Krzysztof561,Kowalski561,40
Krzysztof562,Kowalski562,15
Krzysztof563,Kowalski563,3
Krzysztof564,Kowalski564,82
Krzysztof565,Kowalski565,10
Krzysztof566,Kowalski566,90
Krzysztof567,Kowalski567,15
Krzysztof568,Kowalski568,79
Krzysztof569,Kowalski569,70
Krzysztof570,Kowalski570,66
Krzysztof571,Kowalski571,28
Krzysztof572,Kowalski572,86
Krzysztof573,Kowalski573,26
Krzysztof574,Kowalski574,37
Krzysztof575,Kowalski575,49
Krzysztof576,Kowalski576,30
Krzysztof577,Kowalski577,43
Krzysztof578,Kowalski578,8
Krzysztof579,Kowalski579,64
Krzysztof580,Kowalski580,8
Krzysztof581,Kowalski581,43
Krzysztof582,Kowalski582,82
Krzysztof583,Kowalski583,55
Krzysztof584,Kowalski584,57
Krzysztof585,Kowalski585,51
Krzysztof586,Kowalski586,13
Krzysztof587,Kowalski587,80
Krzysztof588,Kowalski588,44
Krzysztof589,Kowalski589,11
Krzysztof590,Kowalski590,66
Krzysztof591,Kowalski591,89
Krzysztof592,Kowalski592,51
Krzysztof593,Kowalski593,26
Krzysztof594,Kowalski594,34
Krzysztof595,Kowalski595,99
Krzysztof596,Kowalski596,84
Krzysztof597,Kowalski597,26
Krzysztof598,Kowalski598,78
Krzysztof599,Kowalski599,44
Krzysztof600,Kowalski600,94
Krzysztof601,Kowalski601,91
Krzysztof602,Kowalski602,94
Krzysztof603,Kowalski603,100
Krzysztof604,Kowalski604,89
Krzysztof605,Kowalski605,77
Krzysztof606,Kowalski606,38
Krzysztof607,Kowalski607,51
Krzysztof608,Kowalski608,36
Krzysztof609,Kowalski609,87
Krzysztof610,Kowalski610,57
Krzysztof611,Kowalski611,56
Krzysztof612,Kowalski612,10
Krzysztof613,Kowalski613,100
Krzysztof614,Kowalski614,26
Krzysztof615,Kowalski615,75
Krzysztof616,Kowalski616,20
Krzysztof617,Kowalski617,56
Krzysztof618,Kowalski618,56
Krzysztof619,Kowalski619,75
Krzysztof620,Kowalski620,26
Krzysztof621,Kowalski621,18
Krzysztof622,Kowalski622,16
Krzysztof623,Kowalski623,64
Krzysztof624,Kowalski624,72
Krzysztof625,Kowalski625,59
Krzysztof626,Kowalski626,2
Krzysztof627,Kowalski627,59
Krzysztof628,Kowalski628,14
Krzysztof629,Kowalski629,22
Krzysztof630,Kowalski630,23
Krzysztof631,Kowalski631,76
Krzysztof632,Kowalski632,54
Krzysztof633,Kowalski633,35
Krzysztof634,Kowalski634,100
Krzysztof635,Kowalski635,63
Krzysztof636,Kowalski636,81
Krzysztof637,Kowalski637,53
Krzysztof638,Kowalski638,91
Krzysztof639,Kowalski639,56
Krzysztof640,Kowalski640,19
Krzysztof641,Kowalski641,86
Krzysztof642,Kowalski642,77
Krzysztof643,Kowalski643,49
Krzysztof644,Kowalski644,58
Krzysztof645,Kowalski645,100
Krzysztof646,Kowalski646,94
Krzysztof647,Kowalski647,48
Krzysztof648,Kowalski648,38
Krzysztof649,Kowalski649,85
Krzysztof650,Kowalski650,98
Krzysztof651,Kowalski651,26
Krzysztof652,Kowalski652,81
Krzysztof653,Kowalski653,101
Krzysztof654,Kowalski654,24
Krzysztof655,Kowalski655,39
Krzysztof656,Kowalski656,92
Krzysztof657,Kowalski657,6
Krzysztof658,Kowalski658,91
Krzysztof659,Kowalski659,3
Krzysztof660,Kowalski660,77
Krzysztof661,Kowalski661,38
Krzysztof662,Kowalski662,3
Krzysztof663,Kowalski663,71
Krzysztof664,Kowalski664,92
Krzysztof665,Kowalski665,55
Krzysztof666,Kowalski666,12
Krzysztof667,Kowalski667,86
Krzysztof668,Kowalski668,7
Krzysztof669,Kowalski669,67
Krzysztof670,Kowalski670,79
Krzysztof671,Kowalski671,30
Krzysztof672,Kowalski672,99
Krzysztof673,Kowalski673,85
Krzysztof674,Kowalski674,77
Krzysztof675,Kowalski675,37
Krzysztof676,Kowalski676,69
Krzysztof677,Kowalski677,7
Krzysztof678,Kowalski678,70
Krzysztof679,Kowalski679,86
Krzysztof680,Kowalski680,72
Krzysztof681,Kowalski681,52
Krzysztof682,Kowalski682,38
Krzysztof683,Kowalski683,80
Krzysztof684,Kowalski684,32
Krzysztof685,Kowalski685,67
Krzysztof686,Kowalski686,93
Krzysztof687,Kowalski687,53
Krzysztof688,Kowalski688,10
Krzysztof689,Kowalski689,99
Krzysztof690,Kowalski690,66
Krzysztof691,Kowalski691,28
Krzysztof692,Kowalski692,9
Krzysztof693,Kowalski693,92
Krzysztof694,Kowalski694,12
Krzysztof695,Kowalski695,17
Krzysztof696,Kowalski696,90
Krzysztof697,Kowalski697,22
Krzysztof698,Kowalski698,100
Krzysztof699,Kowalski699,52
Krzysztof700,Kowalski700,87
Krzysztof701,Kowalski701,31
Krzysztof702,Kowalski702,10
Krzysztof703,Kowalski703,28
Krzysztof704,Kowalski704,77
Krzysztof705,Kowalski705,45
Krzysztof706,Kowalski706,48
Krzysztof707,Kowalski707,4
Krzysztof708,Kowalski708,11
Krzysztof709,Kowalski709,52
Krzysztof710,Kowalski710,78
Krzysztof711,Kowalski711,69
Krzysztof712,Kowalski712,61
Krzysztof713,Kowalski713,15
Krzysztof714,Kowalski714,70
Krzysztof715,Kowalski715,97
Krzysztof716,Kowalski716,90
Krzysztof717,Kowalski717,9
Krzysztof718,Kowalski718,46
Krzysztof719,Kowalski719,30
Krzysztof720,Kowalski720,51
Krzysztof721,Kowalski721,50
Krzysztof722,Kowalski722,23
Krzysztof723,Kowalski723,78
Krzysztof724,Kowalski724,62
Krzysztof725,Kowalski725,18
Krzysztof726,Kowalski726,20
Krzysztof727,Kowalski727,18
Krzysztof728,Kowalski728,2
Krzysztof729,Kowalski729,12
Krzysztof730,Kowalski730,77
Krzysztof731,Kowalski731,62
Krzysztof732,Kowalski732,33
Krzysztof733,Kowalski733,61
Krzysztof734,Kowalski734,56
Krzysztof735,Kowalski735,90
Krzysztof736,Kowalski736,34
Krzysztof737,Kowalski737,57
Krzysztof738,Kowalski738,67
Krzysztof739,Kowalski739,13
Krzysztof740,Kowalski740,80
Krzysztof741,Kowalski741,84
Krzysztof742,Kowalski742,11
Krzysztof743,Kowalski743,85
Krzysztof744,Kowalski744,25
Krzysztof745,Kowalski745,13
Krzysztof746,Kowalski746,30
Krzysztof747,Kowalski747,2
Krzysztof748,Kowalski748,56
Krzysztof749,Kowalski749,7
Krzysztof750,Kowalski750,69
Krzysztof751,Kowalski751,98
Krzysztof752,Kowalski752,89
Krzysztof753,Kowalski753,36
Krzysztof754,Kowalski754,10
Krzysztof755,Kowalski755,60
Krzysztof756,Kowalski756,68
Krzysztof757,Kowalski757,5
Krzysztof758,Kowalski758,74
Krzysztof759,Kowalski759,81
Krzysztof760,Kowalski760,68
Krzysztof761,Kowalski761,33
Krzysztof762,Kowalski762,78
Krzysztof763,Kowalski763,99
Krzysztof764,Kowalski764,41
Krzysztof765,Kowalski765,32
Krzysztof766,Kowalski766,53
Krzysztof767,Kowalski767,20
Krzysztof768,Kowalski768,74
Krzysztof769,Kowalski769,41
Krzysztof770,Kowalski770,70
Krzysztof771,Kowalski771,45
Krzysztof772,Kowalski772,60
Krzysztof773,Kowalski773,95
Krzysztof774,Kowalski774,99
Krzysztof775,Kowalski775,58
Krzysztof776,Kowalski776,60
Krzysztof777,Kowalski777,35
Krzysztof778,Kowalski778,28
Krzysztof779,Kowalski779,98
Krzysztof780,Kowalski780,78
Krzysztof781,Kowalski781,97
Krzysztof782,Kowalski782,6
Krzysztof783,Kowalski783,63
Krzysztof784,Kowalski784,43
Krzysztof785,Kowalski785,87
Krzysztof786,Kowalski786,34
Krzysztof787,Kowalski787,2
Krzysztof788,Kowalski788,19
Krzysztof789,Kowalski789,53
Krzysztof790,Kowalski790,30
Krzysztof791,Kowalski791,52
Krzysztof792,Kowalski792,27
Krzysztof793,Kowalski793,97
Krzysztof794,Kowalski794,93
Krzysztof795,Kowalski795,68
Krzysztof796,Kowalski796,70
Krzysztof797,Kowalski797,29
Krzysztof798,Kowalski798,29
Krzysztof799,Kowalski799,93
Krzysztof800,Kowalski800,33
Krzysztof801,Kowalski801,93
Krzysztof802,Kowalski802,56
Krzysztof803,Kowalski803,75
Krzysztof804,Kowalski804,66
Krzysztof805,Kowalski805,97
Krzysztof806,Kowalski806,48
Krzysztof807,Kowalski807,12
Krzysztof808,Kowalski808,75
Krzysztof809,Kowalski809,58
Krzysztof810,Kowalski810,33
Krzysztof811,Kowalski811,94
Krzysztof812,Kowalski812,80
Krzysztof813,Kowalski813,70
Krzysztof814,Kowalski814,3
Krzysztof815,Kowalski815,34
Krzysztof816,Kowalski816,77
Krzysztof817,Kowalski817,77
Krzysztof818,Kowalski818,99
Krzysztof819,Kowalski819,89
Krzysztof820,Kowalski820,66
Krzysztof821,Kowalski821,41
Krzysztof822,Kowalski822,53
Krzysztof823,Kowalski823,98
Krzysztof824,Kowalski824,27
Krzysztof825,Kowalski825,37
Krzysztof826,Kowalski826,90
Krzysztof827,Kowalski827,79
Krzysztof828,Kowalski828,93
Krzysztof829,Kowalski829,15
Krzysztof830,Kowalski830,56
Krzysztof831,Kowalski831,51
Krzysztof832,Kowalski832,16
Krzysztof833,Kowalski833,30
Krzysztof834,Kowalski834,26
Krzysztof835,Kowalski835,71
Krzysztof836,Kowalski836,24
Krzysztof837,Kowalski837,13
Krzysztof838,Kowalski838,4
Krzysztof839,Kowalski839,74
Krzysztof840,Kowalski840,42
Krzysztof841,Kowalski841,87
Krzysztof842,Kowalski842,76
Krzysztof843,Kowalski843,22
Krzysztof844,Kowalski844,58
Krzysztof845,Kowalski845,16
Krzysztof846,Kowalski846,29
Krzysztof847,Kowalski847,67
Krzysztof848,Kowalski848,80
Krzysztof849,Kowalski849,53
Krzysztof850,Kowalski850,46
Krzysztof851,Kowalski851,32
Krzysztof852,Kowalski852,91
Krzysztof853,Kowalski853,46
Krzysztof854,Kowalski854,16
Krzysztof855,Kowalski855,7
Krzysztof856,Kowalski856,36
Krzysztof857,Kowalski857,96
Krzysztof858,Kowalski858,79
Krzysztof859,Kowalski859,88
Krzysztof860,Kowalski860,71
Krzysztof861,Kowalski861,52
Krzysztof862,Kowalski862,14
Krzysztof863,Kowalski863,25
Krzysztof864,Kowalski864,90
Krzysztof865,Kowalski865,27
Krzysztof866,Kowalski866,16
Krzysztof867,Kowalski867,11
Krzysztof868,Kowalski868,72
Krzysztof869,Kowalski869,48
Krzysztof870,Kowalski870,49
Krzysztof871,Kowalski871,74
Krzysztof872,Kowalski872,99
Krzysztof873,Kowalski873,73
Krzysztof874,Kowalski874,3
Krzysztof875,Kowalski875,72
Krzysztof876,Kowalski876,76
Krzysztof877,Kowalski877,56
Krzysztof878,Kowalski878,48
Krzysztof879,Kowalski879,42
Krzysztof880,Kowalski880,47
Krzysztof881,Kowalski881,76
Krzysztof882,Kowalski882,11
Krzysztof883,Kowalski883,28
Krzysztof884,Kowalski884,92
Krzysztof885,Kowalski885,8
Krzysztof886,Kowalski886,86
Krzysztof887,Kowalski887,19
Krzysztof888,Kowalski888,55
Krzysztof889,Kowalski889,30
Krzysztof890,Kowalski890,65
Krzysztof891,Kowalski891,10
Krzysztof892,Kowalski892,94
Krzysztof893,Kowalski893,22
Krzysztof894,Kowalski894,88
Krzysztof895,Kowalski895,43
Krzysztof896,Kowalski896,63
Krzysztof897,Kowalski897,56
Krzysztof898,Kowalski898,37
Krzysztof899,Kowalski899,20
Krzysztof900,Kowalski900,51
Krzysztof901,Kowalski901,93
Krzysztof902,Kowalski902,18
Krzysztof903,Kowalski903,67
Krzysztof904,Kowalski904,92
Krzysztof905,Kowalski905,76
Krzysztof906,Kowalski906,70
Krzysztof907,Kowalski907,67
Krzysztof908,Kowalski908,81
Krzysztof909,Kowalski909,40
Krzysztof910,Kowalski910,37
Krzysztof911,Kowalski911,52
Krzysztof912,Kowalski912,42
Krzysztof913,Kowalski913,12
Krzysztof914,Kowalski914,29
Krzysztof915,Kowalski915,8
Krzysztof916,Kowalski916,90
Krzysztof917,Kowalski917,43
Krzysztof918,Kowalski918,91
Krzysztof919,Kowalski919,26
Krzysztof920,Kowalski920,59
Krzysztof921,Kowalski921,39
Krzysztof922,Kowalski922,59
Krzysztof923,Kowalski923,85
Krzysztof924,Kowalski924,66
Krzysztof925,Kowalski925,66
Krzysztof926,Kowalski926,12
Krzysztof927,Kowalski927,68
Krzysztof928,Kowalski928,70
Krzysztof929,Kowalski929,73
Krzysztof930,Kowalski930,65
Krzysztof931,Kowalski931,44
Krzysztof932,Kowalski932,25
Krzysztof933,Kowalski933,66
Krzysztof934,Kowalski934,99
Krzysztof935,Kowalski935,13
Krzysztof936,Kowalski936,81
Krzysztof937,Kowalski937,41
Krzysztof938,Kowalski938,27
Krzysztof939,Kowalski939,13
Krzysztof940,Kowalski940,42
Krzysztof941,Kowalski941,61
Krzysztof942,Kowalski942,74
Krzysztof943,Kowalski943,3
Krzysztof944,Kowalski944,14
Krzysztof945,Kowalski945,67
Krzysztof946,Kowalski946,29
Krzysztof947,Kowalski947,65
Krzysztof948,Kowalski948,61
Krzysztof949,Kowalski949,62
Krzysztof950,Kowalski950,93
Krzysztof951,Kowalski951,59
Krzysztof952,Kowalski952,61
Krzysztof953,Kowalski953,84
Krzysztof954,Kowalski954,7
Krzysztof955,Kowalski955,34
Krzysztof956,Kowalski956,61
Krzysztof957,Kowalski957,68
Krzysztof958,Kowalski958,76
Krzysztof959,Kowalski959,82
Krzysztof960,Kowalski960,32
Krzysztof961,Kowalski961,42
Krzysztof962,Kowalski962,22
Krzysztof963,Kowalski963,39
Krzysztof964,Kowalski964,86
Krzysztof965,Kowalski965,101
Krzysztof966,Kowalski966,63
Krzysztof967,Kowalski967,83
Krzysztof968,Kowalski968,100
Krzysztof969,Kowalski969,6
Krzysztof970,Kowalski970,59
Krzysztof971,Kowalski971,78
Krzysztof972,Kowalski972,27
Krzysztof973,Kowalski973,25
Krzysztof974,Kowalski974,45
Krzysztof975,Kowalski975,4
Krzysztof976,Kowalski976,42
Krzysztof977,Kowalski977,32
Krzysztof978,Kowalski978,52
Krzysztof979,Kowalski979,70
Krzysztof980,Kowalski980,73
Krzysztof981,Kowalski981,82
Krzysztof982,Kowalski982,42
Krzysztof983,Kowalski983,92
Krzysztof984,Kowalski984,48
Krzysztof985,Kowalski985,3
Krzysztof986,Kowalski986,89
Krzysztof987,Kowalski987,57
Krzysztof988,Kowalski988,82
Krzysztof989,Kowalski989,99
Krzysztof990,Kowalski990,50
Krzysztof991,Kowalski991,23
Krzysztof992,Kowalski992,43
Krzysztof993,Kowalski993,72
Krzysztof994,Kowalski994,65
Krzysztof995,Kowalski995,19
Krzysztof996,Kowalski996,77
Krzysztof997,Kowalski997,99
Krzysztof998,Kowalski998,5
Krzysztof999,Kowalski999,59
