Krzysztof1,Kowalski1,1978-10-12
Krzysztof2,Kowalski2,1934-01-13
Krzysztof3,Kowalski3,1998-10-04
Krzysztof4,Kowalski4,1969-06-14
Krzysztof5,Kowalski5,1938-07-13
Krzysztof6,Kowalski6,1941-04-16
Krzysztof7,Kowalski7,2012-11-09
Krzysztof8,Kowalski8,1920-03-04
Krzysztof9,Kowalski9,1972-08-06
Krzysztof10,Kowalski10,1941-11-02
Krzysztof11,Kowalski11,1998-02-26
Krzysztof12,Kowalski12,1994-04-18
Krzysztof13,Kowalski13,1959-10-17
Krzysztof14,Kowalski14,1978-01-03
Krzysztof15,Kowalski15,1940-06-16
Krzysztof16,Kowalski16,1956-08-14
Krzysztof17,Kowalski17,1962-08-14
Krzysztof18,Kowalski18,1998-03-21
Krzysztof19,Kowalski19,1938-04-26
Krzysztof20,Kowalski20,1968-06-11
Krzysztof21,Kowalski21,1985-04-13
Krzysztof22,Kowalski22,1951-04-05
Krzysztof23,Kowalski23,1945-02-06
Krzysztof24,Kowalski24,1925-01-04
Krzysztof25,Kowalski25,2000-07-27
Krzysztof26,Kowalski26,1983-03-09
Krzysztof27,Kowalski27,2018-06-07
Krzysztof28,Kowalski28,1997-04-14
Krzysztof29,Kowalski29,1928-04-02
Krzysztof30,Kowalski30,2000-01-08
Krzysztof31,Kowalski31,1953-06-27
Krzysztof32,Kowalski32,1931-10-13
Krzysztof33,Kowalski33,1954-08-22
Krzysztof34,Kowalski34,1934-06-02
Krzysztof35,Kowalski35,1947-06-19
Krzysztof36,Kowalski36,1991-02-21
Krzysztof37,Kowalski37,1950-04-19
Krzysztof38,Kowalski38,1919-03-06
Krzysztof39,Kowalski39,1929-10-14
Krzysztof40,Kowalski40,1997-10-07
Krzysztof41,Kowalski41,1962-09-16
Krzysztof42,Kowalski42,1974-10-21
Krzysztof43,Kowalski43,1953-07-13
Krzysztof44,Kowalski44,1929-02-06
Krzysztof45,Kowalski45,2007-01-27
Krzysztof46,Kowalski46,1987-02-07
Krzysztof47,Kowalski47,2004-03-13
Krzysztof48,Kowalski48,1958-05-22
Krzysztof49,Kowalski49,1969-04-23
Krzysztof50,Kowalski50,2011-04-16
Krzysztof51,Kowalski51,1983-11-20
Krzysztof52,Kowalski52,1941-07-02
Krzysztof53,Kowalski53,1950-08-22
Krzysztof54,Kowalski54,1919-04-14
Krzysztof55,Kowalski55,2011-01-19
Krzysztof56,Kowalski56,2017-01-11
Krzysztof57,Kowalski57,1938-09-01
Krzysztof58,Kowalski58,1936-02-18
Krzysztof59,Kowalski59,2006-06-18
Krzysztof60,Kowalski60,2010-11-18
Krzysztof61,Kowalski61,1995-08-21
Krzysztof62,Kowalski62,1987-01-15
Krzysztof63,Kowalski63,1958-10-16
Krzysztof64,Kowalski64,1988-06-10
Krzysztof65,Kowalski65,1971-01-24
Krzysztof66,Kowalski66,2007-04-17
Krzysztof67,Kowalski67,1974-03-27
Krzysztof68,Kowalski68,1949-06-08
Krzysztof69,Kowalski69,1995-06-16
Krzysztof70,Kowalski70,1984-07-16
Krzysztof71,Kowalski71,2014-03-05
Krzysztof72,Kowalski72,1987-07-23
Krzysztof73,Kowalski73,1938-05-08
Krzysztof74,Kowalski74,1958-01-05
Krzysztof75,Kowalski75,1941-05-17
Krzysztof76,Kowalski76,1955-08-12
Krzysztof77,Kowalski77,1920-06-08
Krzysztof78,Kowalski78,1971-02-06
Krzysztof79,Kowalski79,1934-04-08
Krzysztof80,Kowalski80,1936-10-08
Krzysztof81,Kowalski81,1930-10-11
Krzysztof82,Kowalski82,1930-01-26
Krzysztof83,Kowalski83,1994-08-07
Krzysztof84,Kowalski84,1980-05-27
Krzysztof85,Kowalski85,1950-11-21
Krzysztof86,Kowalski86,1993-08-19
Krzysztof87,Kowalski87,1973-09-25
Krzysztof88,Kowalski88,1956-02-20
Krzysztof89,Kowalski89,1976-09-02
Krzysztof90,Kowalski90,1998-03-03
Krzysztof91,Kowalski91,1965-01-15
Krzysztof92,Kowalski92,1933-07-01
Krzysztof93,Kowalski93,1923-07-09
Krzysztof94,Kowalski94,1939-08-18
Krzysztof95,Kowalski95,1956-04-20
Krzysztof96,Kowalski96,1925-11-14
Krzysztof97,Kowalski97,1976-09-12
Krzysztof98,Kowalski98,1952-05-02
Krzysztof99,Kowalski99,1946-06-02
Krzysztof100,Kowalski100,1977-09-01
Krzysztof101,Kowalski101,1965-06-26
Krzysztof102,Kowalski102,1974-02-04
Krzysztof103,Kowalski103,1957-10-14
Krzysztof104,Kowalski104,1921-04-16
Krzysztof105,Kowalski105,2001-04-06
Krzysztof106,Kowalski106,1957-07-06
Krzysztof107,Kowalski107,1922-05-18
Krzysztof108,Kowalski108,1954-10-22
Krzysztof109,Kowalski109,1992-05-05
Krzysztof110,Kowalski110,1942-01-08
Krzysztof111,Kowalski111,2006-05-15
Krzysztof112,Kowalski112,1937-09-20
Krzysztof113,Kowalski113,1989-06-18
Krzysztof114,Kowalski114,1959-09-25
Krzysztof115,Kowalski115,1958-11-04
Krzysztof116,Kowalski116,1968-11-08
Krzysztof117,Kowalski117,1969-07-27
Krzysztof118,Kowalski118,1929-04-23
Krzysztof119,Kowalski119,1928-09-14
Krzysztof120,Kowalski120,1958-03-09
Krzysztof121,Kowalski121,1927-02-23
Krzysztof122,Kowalski122,1926-10-11
Krzysztof123,Kowalski123,2014-03-21
Krzysztof124,Kowalski124,1986-03-13
Krzysztof125,Kowalski125,1935-02-22
Krzysztof126,Kowalski126,1968-03-17
Krzysztof127,Kowalski127,1970-06-02
Krzysztof128,Kowalski128,2005-10-03
Krzysztof129,Kowalski129,1984-11-09
Krzysztof130,Kowalski130,1965-07-17
Krzysztof131,Kowalski131,1980-02-26
Krzysztof132,Kowalski132,1934-03-02
Krzysztof133,Kowalski133,1968-06-07
Krzysztof134,Kowalski134,1919-07-07
Krzysztof135,Kowalski135,1968-07-18
Krzysztof136,Kowalski136,1937-03-24
Krzysztof137,Kowalski137,2012-05-07
Krzysztof138,Kowalski138,1936-11-02
Krzysztof139,Kowalski139,1979-07-14
Krzysztof140,Kowalski140,1957-08-10
Krzysztof141,Kowalski141,1997-09-19
Krzysztof142,Kowalski142,2008-02-04
Krzysztof143,Kowalski143,1976-06-20
Krzysztof144,Kowalski144,2005-04-03
Krzysztof145,Kowalski145,1922-03-15
Krzysztof146,Kowalski146,1939-04-25
Krzysztof147,Kowalski147,1989-06-26
Krzysztof148,Kowalski148,2002-04-15
Krzysztof149,Kowalski149,2000-11-03
Krzysztof150,Kowalski150,1923-06-10
Krzysztof151,Kowalski151,1965-10-27
Krzysztof152,Kowalski152,1946-05-18
Krzysztof153,Kowalski153,1927-06-25
Krzysztof154,Kowalski154,1974-11-20
Krzysztof155,Kowalski155,1974-02-05
Krzysztof156,Kowalski156,1981-09-06
Krzysztof157,Kowalski157,1940-09-25
Krzysztof158,Kowalski158,2014-02-07
Krzysztof159,Kowalski159,1951-01-19
Krzysztof160,Kowalski160,1978-06-15
Krzysztof161,Kowalski161,1960-03-08
Krzysztof162,Kowalski162,1938-05-01
Krzysztof163,Kowalski163,1983-08-07
Krzysztof164,Kowalski164,1921-05-24
Krzysztof165,Kowalski165,1953-01-17
Krzysztof166,Kowalski166,1953-05-20
Krzysztof167,Kowalski167,1929-11-24
Krzysztof168,Kowalski168,1937-04-26
Krzysztof169,Kowalski169,2016-03-27
Krzysztof170,Kowalski170,1958-08-07
Krzysztof171,Kowalski171,1936-03-11
Krzysztof172,Kowalski172,1956-02-16
Krzysztof173,Kowalski173,2018-11-25
Krzysztof174,Kowalski174,1985-02-08
Krzysztof175,Kowalski175,1964-05-07
Krzysztof176,Kowalski176,1938-10-17
Krzysztof177,Kowalski177,1996-11-07
Krzysztof178,Kowalski178,1990-06-07
Krzysztof179,Kowalski179,1995-06-04
Krzysztof180,Kowalski180,1947-04-17
Krzysztof181,Kowalski181,1966-08-24
Krzysztof182,Kowalski182,1999-04-18
Krzysztof183,Kowalski183,1939-07-03
Krzysztof184,Kowalski184,1953-10-19
Krzysztof185,Kowalski185,1940-04-14
Krzysztof186,Kowalski186,1989-11-22
Krzysztof187,Kowalski187,1940-08-27
Krzysztof188,Kowalski188,1983-03-06
Krzysztof189,Kowalski189,2008-10-06
Krzysztof190,Kowalski190,1956-10-10
Krzysztof191,Kowalski191,1985-06-20
Krzysztof192,Kowalski192,1925-09-22
Krzysztof193,Kowalski193,1956-01-07
Krzysztof194,Kowalski194,1944-10-14
Krzysztof195,Kowalski195,1976-02-23
Krzysztof196,Kowalski196,1972-06-27
Krzysztof197,Kowalski197,1995-02-02
Krzysztof198,Kowalski198,1986-01-09
Krzysztof199,Kowalski199,1926-02-13
Krzysztof200,Kowalski200,1985-02-27
Krzysztof201,Kowalski201,1928-03-01
Krzysztof202,Kowalski202,1919-01-01
Krzysztof203,Kowalski203,1926-10-01
Krzysztof204,Kowalski204,1995-11-19
Krzysztof205,Kowalski205,1963-05-14
Krzysztof206,Kowalski206,1948-08-23
Krzysztof207,Kowalski207,1954-03-25
Krzysztof208,Kowalski208,1990-10-07
Krzysztof209,Kowalski209,1920-10-20
Krzysztof210,Kowalski210,2002-04-22
Krzysztof211,Kowalski211,1989-11-20
Krzysztof212,Kowalski212,1940-02-20
Krzysztof213,Kowalski213,2011-10-05
Krzysztof214,Kowalski214,1997-04-14
Krzysztof215,Kowalski215,1929-11-01
Krzysztof216,Kowalski216,1950-09-16
Krzysztof217,Kowalski217,1958-03-01
Krzysztof218,Kowalski218,1988-07-18
Krzysztof219,Kowalski219,1981-05-05
Krzysztof220,Kowalski220,1959-10-07
Krzysztof221,Kowalski221,1962-08-11
Krzysztof222,Kowalski222,1924-10-08
Krzysztof223,Kowalski223,1971-01-12
Krzysztof224,Kowalski224,1957-01-07
Krzysztof225,Kowalski225,1955-07-05
Krzysztof226,Kowalski226,1971-01-20
Krzysztof227,Kowalski227,1934-06-17
Krzysztof228,Kowalski228,1945-06-15
Krzysztof229,Kowalski229,1999-06-06
Krzysztof230,Kowalski230,2011-11-15
Krzysztof231,Kowalski231,1974-07-06
Krzysztof232,Kowalski232,1954-07-16
Krzysztof233,Kowalski233,1986-05-17
Krzysztof234,Kowalski234,1924-10-08
Krzysztof235,Kowalski235,1949-03-04
Krzysztof236,Kowalski236,1966-07-04
Krzysztof237,Kowalski237,2001-09-11
Krzysztof238,Kowalski238,1939-04-25
Krzysztof239,Kowalski239,1923-08-10
Krzysztof240,Kowalski240,1958-04-20
Krzysztof241,Kowalski241,1934-02-23
Krzysztof242,Kowalski242,2017-06-06
Krzysztof243,Kowalski243,1975-08-04
Krzysztof244,Kowalski244,1991-09-13
Krzysztof245,Kowalski245,1972-08-09
Krzysztof246,Kowalski246,1941-09-22
Krzysztof247,Kowalski247,1965-10-25
Krzysztof248,Kowalski248,1946-02-19
Krzysztof249,Kowalski249,1924-03-06
Krzysztof250,Kowalski250,1922-07-07
Krzysztof251,Kowalski251,1960-11-01
Krzysztof252,Kowalski252,1968-08-27
Krzysztof253,Kowalski253,1970-03-21
Krzysztof254,Kowalski254,2016-02-11
Krzysztof255,Kowalski255,2012-10-18
Krzysztof256,Kowalski256,1995-04-19
Krzysztof257,Kowalski257,1923-11-04
Krzysztof258,Kowalski258,1982-04-13
Krzysztof259,Kowalski259,1966-10-10
Krzysztof260,Kowalski260,1919-04-07
Krzysztof261,Kowalski261,1968-02-15
Krzysztof262,Kowalski262,1968-09-12
Krzysztof263,Kowalski263,1968-10-17
Krzysztof264,Kowalski264,1940-03-09
Krzysztof265,Kowalski265,1940-11-09
Krzysztof266,Kowalski266,2008-01-16
Krzysztof267,Kowalski267,1980-02-14
Krzysztof268,Kowalski268,2013-07-09
Krzysztof269,Kowalski269,1955-08-18
Krzysztof270,Kowalski270,1996-03-16
Krzysztof271,Kowalski271,1953-07-04
Krzysztof272,Kowalski272,2005-11-05
Krzysztof273,Kowalski273,1946-07-02
Krzysztof274,Kowalski274,1987-01-19
Krzysztof275,Kowalski275,1976-02-09
Krzysztof276,Kowalski276,1922-08-24
Krzysztof277,Kowalski277,1960-11-25
Krzysztof278,Kowalski278,1950-03-09
Krzysztof279,Kowalski279,1961-09-25
Krzysztof280,Kowalski280,1985-07-11
Krzysztof281,Kowalski281,2011-02-25
Krzysztof282,Kowalski282,2016-03-01
Krzysztof283,Kowalski283,2006-02-20
Krzysztof284,Kowalski284,1928-11-02
Krzysztof285,Kowalski285,1992-04-22
Krzysztof286,Kowalski286,1966-08-09
Krzysztof287,Kowalski287,1942-07-27
Krzysztof288,Kowalski288,1999-05-02
Krzysztof289,Kowalski289,1946-01-21
Krzysztof290,Kowalski290,1993-09-04
Krzysztof291,Kowalski291,1955-11-27
Krzysztof292,Kowalski292,2010-07-09
Krzysztof293,Kowalski293,1922-09-04
Krzysztof294,Kowalski294,1941-03-13
Krzysztof295,Kowalski295,1942-03-20
Krzysztof296,Kowalski296,1987-09-15
Krzysztof297,Kowalski297,1996-05-06
Krzysztof298,Kowalski298,1968-09-19
Krzysztof299,Kowalski299,1972-10-06
Krzysztof300,Kowalski300,1957-02-12
Krzysztof301,Kowalski301,1993-09-22
Krzysztof302,Kowalski302,1993-02-19
Krzysztof303,Kowalski303,1985-03-07
Krzysztof304,Kowalski304,2004-04-06
Krzysztof305,Kowalski305,1952-10-02
Krzysztof306,Kowalski306,1975-09-10
Krzysztof307,Kowalski307,1925-03-18
Krzysztof308,Kowalski308,2004-02-24
Krzysztof309,Kowalski309,1995-04-15
Krzysztof310,Kowalski310,1974-06-24
Krzysztof311,Kowalski311,1999-02-20
Krzysztof312,Kowalski312,1930-10-10
Krzysztof313,Kowalski313,1991-10-09
Krzysztof314,Kowalski314,1988-06-10
Krzysztof315,Kowalski315,2010-02-04
Krzysztof316,Kowalski316,1995-01-18
Krzysztof317,Kowalski317,2009-10-22
Krzysztof318,Kowalski318,2016-06-07
Krzysztof319,Kowalski319,1980-01-05
Krzysztof320,Kowalski320,1956-03-12
Krzysztof321,Kowalski321,1953-09-19
Krzysztof322,Kowalski322,1928-10-07
Krzysztof323,Kowalski323,1942-07-22
Krzysztof324,Kowalski324,1998-08-03
Krzysztof325,Kowalski325,1949-04-15
Krzysztof326,Kowalski326,1930-06-01
Krzysztof327,Kowalski327,1922-05-02
Krzysztof328,Kowalski328,1998-05-09
Krzysztof329,Kowalski329,1994-11-07
Krzysztof330,Kowalski330,1999-08-07
Krzysztof331,Kowalski331,2000-01-05
Krzysztof332,Kowalski332,1977-08-21
Krzysztof333,Kowalski333,1975-01-20
Krzysztof334,Kowalski334,1960-10-09
Krzysztof335,Kowalski335,1980-05-25
Krzysztof336,Kowalski336,1931-10-14
Krzysztof337,Kowalski337,1999-08-14
Krzysztof338,Kowalski338,1961-04-19
Krzysztof339,Kowalski339,2001-08-25
Krzysztof340,Kowalski340,1977-11-05
Krzysztof341,Kowalski341,1985-09-25
Krzysztof342,Kowalski342,1923-06-03
Krzysztof343,Kowalski343,1970-08-08
Krzysztof344,Kowalski344,1982-06-05
Krzysztof345,Kowalski345,1956-04-09
Krzysztof346,Kowalski346,1973-11-10
Krzysztof347,Kowalski347,2005-07-10
Krzysztof348,Kowalski348,2015-06-09
Krzysztof349,Kowalski349,1992-07-14
Krzysztof350,Kowalski350,2003-06-03
Krzysztof351,Kowalski351,2002-03-01
Krzysztof352,Kowalski352,2000-06-16
Krzysztof353,Kowalski353,1948-11-05
Krzysztof354,Kowalski354,2008-07-07
Krzysztof355,Kowalski355,1922-02-23
Krzysztof356,Kowalski356,1995-02-13
Krzysztof357,Kowalski357,1949-05-18
Krzysztof358,Kowalski358,1987-05-04
Krzysztof359,Kowalski359,1978-06-15
Krzysztof360,Kowalski360,1982-06-06
Krzysztof361,Kowalski361,2016-09-01
Krzysztof362,Kowalski362,1934-09-04
Krzysztof363,Kowalski363,2008-06-13
Krzysztof364,Kowalski364,1949-08-21
Krzysztof365,Kowalski365,1974-01-15
Krzysztof366,Kowalski366,1942-02-22
Krzysztof367,Kowalski367,1924-11-25
Krzysztof368,Kowalski368,1981-01-13
Krzysztof369,Kowalski369,1940-03-15
Krzysztof370,Kowalski370,1954-08-06
Krzysztof371,Kowalski371,1953-06-27
Krzysztof372,Kowalski372,1946-06-08
Krzysztof373,Kowalski373,1951-09-11
Krzysztof374,Kowalski374,1974-05-21
Krzysztof375,Kowalski375,1993-10-08
Krzysztof376,Kowalski376,1969-10-05
Krzysztof377,Kowalski377,1945-09-13
Krzysztof378,Kowalski378,1940-09-11
Krzysztof379,Kowalski379,1971-04-26
Krzysztof380,Kowalski380,1933-03-26
Krzysztof381,Kowalski381,1994-06-11
Krzysztof382,Kowalski382,1931-10-20
Krzysztof383,Kowalski383,1988-09-06
Krzysztof384,Kowalski384,1976-04-12
Krzysztof385,Kowalski385,1942-06-11
Krzysztof386,Kowalski386,1953-09-09
Krzysztof387,Kowalski387,1980-04-25
Krzysztof388,Kowalski388,2001-02-01
Krzysztof389,Kowalski389,2003-10-05
Krzysztof390,Kowalski390,1932-01-11
Krzysztof391,Kowalski391,1989-01-08
Krzysztof392,Kowalski392,1990-09-15
Krzysztof393,Kowalski393,1932-11-15
Krzysztof394,Kowalski394,1968-01-06
Krzysztof395,Kowalski395,1950-08-12
Krzysztof396,Kowalski396,1957-05-18
Krzysztof397,Kowalski397,1929-01-13
Krzysztof398,Kowalski398,2015-08-20
Krzysztof399,Kowalski399,1962-02-13
Krzysztof400,Kowalski400,1979-03-24
Krzysztof401,Kowalski401,1939-10-09
Krzysztof402,Kowalski402,1929-11-13
Krzysztof403,Kowalski403,1920-03-15
Krzysztof404,Kowalski404,1949-10-02
Krzysztof405,Kowalski405,1968-03-01
Krzysztof406,Kowalski406,1927-04-01
Krzysztof407,Kowalski407,2002-04-03
Krzysztof408,Kowalski408,2010-05-20
Krzysztof409,Kowalski409,1935-06-06
Krzysztof410,Kowalski410,1936-01-05
Krzysztof411,Kowalski411,1991-10-01
Krzysztof412,Kowalski412,1926-07-04
Krzysztof413,Kowalski413,1985-03-15
Krzysztof414,Kowalski414,1960-03-09
Krzysztof415,Kowalski415,2013-04-20
Krzysztof416,Kowalski416,1979-02-11
Krzysztof417,Kowalski417,1996-01-11
Krzysztof418,Kowalski418,1922-05-17
Krzysztof419,Kowalski419,1944-03-04
Krzysztof420,Kowalski420,2005-08-10
Krzysztof421,Kowalski421,1950-02-08
Krzysztof422,Kowalski422,1940-01-07
Krzysztof423,Kowalski423,1959-08-13
Krzysztof424,Kowalski424,1948-10-12
Krzysztof425,Kowalski425,2015-04-13
Krzysztof426,Kowalski426,1925-04-18
Krzysztof427,Kowalski427,1963-02-01
Krzysztof428,Kowalski428,2013-09-03
Krzysztof429,Kowalski429,1972-10-22
Krzysztof430,Kowalski430,1979-09-20
Krzysztof431,Kowalski431,1959-02-23
Krzysztof432,Kowalski432,1957-02-18
Krzysztof433,Kowalski433,1940-07-21
Krzysztof434,Kowalski434,1919-03-17
Krzysztof435,Kowalski435,1930-04-06
Krzysztof436,Kowalski436,1980-04-03
Krzysztof437,Kowalski437,1988-11-11
Krzysztof438,Kowalski438,1978-02-04
Krzysztof439,Kowalski439,1924-01-27
Krzysztof440,Kowalski440,1966-04-26
Krzysztof441,Kowalski441,1942-04-16
Krzysztof442,Kowalski442,1922-07-20
Krzysztof443,Kowalski443,1977-04-02
Krzysztof444,Kowalski444,1997-06-02
Krzysztof445,Kowalski445,1939-03-19
Krzysztof446,Kowalski446,1950-01-03
Krzysztof447,Kowalski447,1995-03-13
Krzysztof448,Kowalski448,1943-11-18
Krzysztof449,Kowalski449,1958-11-21
Krzysztof450,Kowalski450,1971-09-24
Krzysztof451,Kowalski451,1965-08-27
Krzysztof452,Kowalski452,1978-05-04
Krzysztof453,Kowalski453,1927-03-26
Krzysztof454,Kowalski454,1949-10-27
Krzysztof455,Kowalski455,1927-11-13
Krzysztof456,Kowalski456,2017-04-11
Krzysztof457,Kowalski457,1989-03-15
Krzysztof458,Kowalski458,1934-04-05
Krzysztof459,Kowalski459,2010-07-17
Krzysztof460,Kowalski460,1977-07-14
Krzysztof461,Kowalski461,1952-06-20
Krzysztof462,Kowalski462,1994-09-18
Krzysztof463,Kowalski463,1997-06-12
Krzysztof464,Kowalski464,1935-07-03
Krzysztof465,Kowalski465,2006-05-04
Krzysztof466,Kowalski466,1971-11-25
Krzysztof467,Kowalski467,1997-07-22
Krzysztof468,Kowalski468,1954-11-23
Krzysztof469,Kowalski469,1924-10-09
Krzysztof470,Kowalski470,1991-03-22
Krzysztof471,Kowalski471,1951-03-16
Krzysztof472,Kowalski472,1957-10-07
Krzysztof473,Kowalski473,1922-05-21
Krzysztof474,Kowalski474,2017-02-06
Krzysztof475,Kowalski475,1926-05-24
Krzysztof476,Kowalski476,1982-11-12
Krzysztof477,Kowalski477,1920-05-08
Krzysztof478,Kowalski478,1953-04-06
Krzysztof479,Kowalski479,1953-07-07
Krzysztof480,Kowalski480,1920-06-15
Krzysztof481,Kowalski481,1964-05-15
Krzysztof482,Kowalski482,1945-03-14
Krzysztof483,Kowalski483,1983-04-07
Krzysztof484,Kowalski484,2011-08-19
Krzysztof485,Kowalski485,1920-03-26
Krzysztof486,Kowalski486,1993-01-16
Krzysztof487,Kowalski487,1939-04-22
Krzysztof488,Kowalski488,2016-04-20
Krzysztof489,Kowalski489,1970-08-16
Krzysztof490,Kowalski490,1986-02-11
Krzysztof491,Kowalski491,1992-05-13
Krzysztof492,Kowalski492,1958-07-26
Krzysztof493,Kowalski493,1920-11-07
Krzysztof494,Kowalski494,2016-08-25
Krzysztof495,Kowalski495,1938-09-09
Krzysztof496,Kowalski496,1972-07-15
Krzysztof497,Kowalski497,1990-04-10
Krzysztof498,Kowalski498,1925-09-15
Krzysztof499,Kowalski499,1947-04-27
Krzysztof500,Kowalski500,2007-06-23
Krzysztof501,Kowalski501,1934-02-05
Krzysztof502,Kowalski502,2002-10-26
Krzysztof503,Kowalski503,1971-03-19
Krzysztof504,Kowalski504,2018-02-02
Krzysztof505,Kowalski505,1955-03-19
Krzysztof506,Kowalski506,2013-07-21
Krzysztof507,Kowalski507,1970-08-12
Krzysztof508,Kowalski508,1937-01-25
Krzysztof509,Kowalski509,1978-11-07
Krzysztof510,Kowalski510,1961-07-05
Krzysztof511,Kowalski511,2003-04-14
Krzysztof512,Kowalski512,1976-08-16
Krzysztof513,Kowalski513,1974-01-16
Krzysztof514,Kowalski514,1931-11-15
Krzysztof515,Kowalski515,2012-04-12
Krzysztof516,Kowalski516,2006-03-26
Krzysztof517,Kowalski517,1943-08-19
Krzysztof518,Kowalski518,1958-06-04
Krzysztof519,Kowalski519,1930-09-27
Krzysztof520,Kowalski520,2003-10-20
Krzysztof521,Kowalski521,2017-09-16
Krzysztof522,Kowalski522,1937-07-23
Krzysztof523,Kowalski523,1936-01-27
Krzysztof524,Kowalski524,1963-11-05
Krzysztof525,Kowalski525,1972-08-03
Krzysztof526,Kowalski526,1968-08-07
Krzysztof527,Kowalski527,1932-05-11
Krzysztof528,Kowalski528,1952-06-25
Krzysztof529,Kowalski529,1936-11-19
Krzysztof530,Kowalski530,1990-10-21
Krzysztof531,Kowalski531,2000-03-17
Krzysztof532,Kowalski532,2011-03-01
Krzysztof533,Kowalski533,2000-03-13
Krzysztof534,Kowalski534,2007-10-27
Krzysztof535,Kowalski535,1991-03-11
Krzysztof536,Kowalski536,1922-06-20
Krzysztof537,Kowalski537,1948-07-10
Krzysztof538,Kowalski538,1983-09-21
Krzysztof539,Kowalski539,2004-01-04
Krzysztof540,Kowalski540,1978-07-11
Krzysztof541,Kowalski541,2003-07-02
Krzysztof542,Kowalski542,1958-05-18
Krzysztof543,Kowalski543,2005-07-11
Krzysztof544,Kowalski544,1997-06-27
Krzysztof545,Kowalski545,1935-02-26
Krzysztof546,Kowalski546,2009-08-26
Krzysztof547,Kowalski547,1993-03-05
Krzysztof548,Kowalski548,1935-06-22
Krzysztof549,Kowalski549,1947-10-20
Krzysztof550,Kowalski550,1958-05-12
Krzysztof551,Kowalski551,2016-02-13
Krzysztof552,Kowalski552,1931-06-17
Krzysztof553,Kowalski553,1928-07-10
Krzysztof554,Kowalski554,1964-07-04
Krzysztof555,Kowalski555,1936-08-25
Krzysztof556,Kowalski556,2015-09-20
Krzysztof557,Kowalski557,1992-01-17
Krzysztof558,Kowalski558,2000-04-13
Krzysztof559,Kowalski559,1997-01-10
Krzysztof560,Kowalski560,1969-09-09
Krzysztof561,Kowalski561,1980-08-20
Krzysztof562,Kowalski562,2005-11-10
Krzysztof563,Kowalski563,2017-11-27
Krzysztof564,Kowalski564,1938-03-20
Krzysztof565,Kowalski565,2010-04-08
Krzysztof566,Kowalski566,1930-11-15
Krzysztof567,Kowalski567,2005-10-20
Krzysztof568,Kowalski568,1941-11-13
Krzysztof569,Kowalski569,1950-10-03
Krzysztof570,Kowalski570,1954-11-16
Krzysztof571,Kowalski571,1992-08-03
Krzysztof572,Kowalski572,1934-09-01
Krzysztof573,Kowalski573,1994-08-03
Krzysztof574,Kowalski574,1983-03-03
Krzysztof575,Kowalski575,1971-06-13
Krzysztof576,Kowalski576,1991-01-05
Krzysztof577,Kowalski577,1977-01-25
Krzysztof578,Kowalski578,2012-04-13
Krzysztof579,Kowalski579,1956-11-18
Krzysztof580,Kowalski580,2012-04-08
Krzysztof581,Kowalski581,1977-09-10
Krzysztof582,Kowalski582,1938-04-03
Krzysztof583,Kowalski583,1965-04-27
Krzysztof584,Kowalski584,1963-08-22
Krzysztof585,Kowalski585,1969-08-06
Krzysztof586,Kowalski586,2007-03-19
Krzysztof587,Kowalski587,1940-06-18
Krzysztof588,Kowalski588,1976-03-21
Krzysztof589,Kowalski589,2009-10-06
Krzysztof590,Kowalski590,1954-02-02
Krzysztof591,Kowalski591,1931-02-16
Krzysztof592,Kowalski592,1969-06-09
Krzysztof593,Kowalski593,1994-05-23
Krzysztof594,Kowalski594,1986-08-14
Krzysztof595,Kowalski595,1921-04-21
Krzysztof596,Kowalski596,1936-11-23
Krzysztof597,Kowalski597,1994-06-14
Krzysztof598,Kowalski598,1942-08-21
Krzysztof599,Kowalski599,1976-06-26
Krzysztof600,Kowalski600,1926-08-19
Krzysztof601,Kowalski601,1929-06-11
Krzysztof602,Kowalski602,1926-11-19
Krzysztof603,Kowalski603,1920-08-22
Krzysztof604,Kowalski604,1931-02-10
Krzysztof605,Kowalski605,1943-09-27
Krzysztof606,Kowalski606,1982-07-13
Krzysztof607,Kowalski607,1969-08-08
Krzysztof608,Kowalski608,1984-03-18
Krzysztof609,Kowalski609,1933-05-10
Krzysztof610,Kowalski610,1963-05-13
Krzysztof611,Kowalski611,1965-01-05
Krzysztof612,Kowalski612,2010-04-12
Krzysztof613,Kowalski613,1920-06-05
Krzysztof614,Kowalski614,1994-05-16
Krzysztof615,Kowalski615,1945-04-11
Krzysztof616,Kowalski616,2000-06-04
Krzysztof617,Kowalski617,1964-11-07
Krzysztof618,Kowalski618,1964-09-07
Krzysztof619,Kowalski619,1945-11-26
Krzysztof620,Kowalski620,1994-07-25
Krzysztof621,Kowalski621,2002-10-15
Krzysztof622,Kowalski622,2004-10-27
Krzysztof623,Kowalski623,1956-11-04
Krzysztof624,Kowalski624,1948-01-24
Krzysztof625,Kowalski625,1961-11-24
Krzysztof626,Kowalski626,2018-03-16
Krzysztof627,Kowalski627,1961-05-09
Krzysztof628,Kowalski628,2006-04-26
Krzysztof629,Kowalski629,1998-08-09
Krzysztof630,Kowalski630,1997-11-22
Krzysztof631,Kowalski631,1944-03-02
Krzysztof632,Kowalski632,1966-11-26
Krzysztof633,Kowalski633,1985-10-05
Krzysztof634,Kowalski634,1920-11-13
Krzysztof635,Kowalski635,1957-04-04
Krzysztof636,Kowalski636,1939-06-11
Krzysztof637,Kowalski637,1967-09-17
Krzysztof638,Kowalski638,1929-05-11
Krzysztof639,Kowalski639,1964-01-20
Krzysztof640,Kowalski640,2002-01-05
Krzysztof641,Kowalski641,1934-10-21
Krzysztof642,Kowalski642,1943-06-12
Krzysztof643,Kowalski643,1971-06-15
Krzysztof644,Kowalski644,1962-04-11
Krzysztof645,Kowalski645,1920-11-15
Krzysztof646,Kowalski646,1926-05-22
Krzysztof647,Kowalski647,1972-03-10
Krzysztof648,Kowalski648,1982-04-10
Krzysztof649,Kowalski649,1935-02-07
Krzysztof650,Kowalski650,1922-06-10
Krzysztof651,Kowalski651,1994-10-26
Krzysztof652,Kowalski652,1939-10-23
Krzysztof653,Kowalski653,1919-08-19
Krzysztof654,Kowalski654,1996-05-24
Krzysztof655,Kowalski655,1982-01-05
Krzysztof656,Kowalski656,1928-04-24
Krzysztof657,Kowalski657,2014-03-09
Krzysztof658,Kowalski658,1929-10-25
Krzysztof659,Kowalski659,2017-03-26
Krzysztof660,Kowalski660,1943-04-15
Krzysztof661,Kowalski661,1982-05-09
Krzysztof662,Kowalski662,2017-02-13
Krzysztof663,Kowalski663,1949-10-04
Krzysztof664,Kowalski664,1928-08-20
Krzysztof665,Kowalski665,1965-08-18
Krzysztof666,Kowalski666,2008-04-26
Krzysztof667,Kowalski667,1934-10-07
Krzysztof668,Kowalski668,2013-09-23
Krzysztof669,Kowalski669,1953-04-04
Krzysztof670,Kowalski670,1941-11-03
Krzysztof671,Kowalski671,1990-01-26
Krzysztof672,Kowalski672,1921-06-01
Krzysztof673,Kowalski673,1935-08-03
Krzysztof674,Kowalski674,1943-04-23
Krzysztof675,Kowalski675,1983-10-15
Krzysztof676,Kowalski676,1951-02-05
Krzysztof677,Kowalski677,2013-06-16
Krzysztof678,Kowalski678,1950-09-07
Krzysztof679,Kowalski679,1934-03-25
Krzysztof680,Kowalski680,1948-05-04
Krzysztof681,Kowalski681,1968-10-12
Krzysztof682,Kowalski682,1982-01-20
Krzysztof683,Kowalski683,1940-02-11
Krzysztof684,Kowalski684,1988-08-11
Krzysztof685,Kowalski685,1953-07-24
Krzysztof686,Kowalski686,1927-04-02
Krzysztof687,Kowalski687,1967-03-11
Krzysztof688,Kowalski688,2010-10-24
Krzysztof689,Kowalski689,1921-02-15
Krzysztof690,Kowalski690,1954-01-15
Krzysztof691,Kowalski691,1992-02-16
Krzysztof692,Kowalski692,2011-07-10
Krzysztof693,Kowalski693,1928-03-09
Krzysztof694,Kowalski694,2008-05-16
Krzysztof695,Kowalski695,2003-04-23
Krzysztof696,Kowalski696,1930-05-24
Krzysztof697,Kowalski697,1998-03-16
Krzysztof698,Kowalski698,1920-06-19
Krzysztof699,Kowalski699,1968-11-25
Krzysztof700,Kowalski700,1933-10-20
Krzysztof701,Kowalski701,1989-04-20
Krzysztof702,Kowalski702,2010-01-19
Krzysztof703,Kowalski703,1992-04-12
Krzysztof704,Kowalski704,1943-10-06
Krzysztof705,Kowalski705,1975-08-05
Krzysztof706,Kowalski706,1972-03-07
Krzysztof707,Kowalski707,2016-10-08
Krzysztof708,Kowalski708,2009-03-01
Krzysztof709,Kowalski709,1968-09-14
Krzysztof710,Kowalski710,1942-10-02
Krzysztof711,Kowalski711,1951-11-07
Krzysztof712,Kowalski712,1960-01-04
Krzysztof713,Kowalski713,2005-03-11
Krzysztof714,Kowalski714,1950-10-22
Krzysztof715,Kowalski715,1923-11-04
Krzysztof716,Kowalski716,1930-09-13
Krzysztof717,Kowalski717,2011-04-22
Krzysztof718,Kowalski718,1974-10-01
Krzysztof719,Kowalski719,1990-08-03
Krzysztof720,Kowalski720,1969-02-21
Krzysztof721,Kowalski721,1970-04-17
Krzysztof722,Kowalski722,1997-09-02
Krzysztof723,Kowalski723,1942-10-08
Krzysztof724,Kowalski724,1958-07-03
Krzysztof725,Kowalski725,2002-05-05
Krzysztof726,Kowalski726,2000-08-12
Krzysztof727,Kowalski727,2002-04-27
Krzysztof728,Kowalski728,2018-03-19
Krzysztof729,Kowalski729,2008-04-25
Krzysztof730,Kowalski730,1943-03-20
Krzysztof731,Kowalski731,1958-08-13
Krzysztof732,Kowalski732,1987-11-14
Krzysztof733,Kowalski733,1959-03-25
Krzysztof734,Kowalski734,1964-08-12
Krzysztof735,Kowalski735,1930-10-09
Krzysztof736,Kowalski736,1986-08-15
Krzysztof737,Kowalski737,1963-03-04
Krzysztof738,Kowalski738,1953-08-17
Krzysztof739,Kowalski739,2007-08-17
Krzysztof740,Kowalski740,1940-10-09
Krzysztof741,Kowalski741,1936-11-18
Krzysztof742,Kowalski742,2009-06-01
Krzysztof743,Kowalski743,1935-05-21
Krzysztof744,Kowalski744,1995-03-22
Krzysztof745,Kowalski745,2007-02-02
Krzysztof746,Kowalski746,1990-11-19
Krzysztof747,Kowalski747,2018-07-06
Krzysztof748,Kowalski748,1964-01-22
Krzysztof749,Kowalski749,2013-02-19
Krzysztof750,Kowalski750,1951-10-22
Krzysztof751,Kowalski751,1922-05-08
Krzysztof752,Kowalski752,1931-05-07
Krzysztof753,Kowalski753,1984-07-23
Krzysztof754,Kowalski754,2010-03-14
Krzysztof755,Kowalski755,1960-07-07
Krzysztof756,Kowalski756,1952-10-20
Krzysztof757,Kowalski757,2015-04-07
Krzysztof758,Kowalski758,1946-05-23
Krzysztof759,Kowalski759,1939-11-13
Krzysztof760,Kowalski760,1952-02-27
Krzysztof761,Kowalski761,1987-03-08
Krzysztof762,Kowalski762,1942-09-15
Krzysztof763,Kowalski763,1921-06-09
Krzysztof764,Kowalski764,1979-04-07
Krzysztof765,Kowalski765,1988-08-04
Krzysztof766,Kowalski766,1967-07-25
Krzysztof767,Kowalski767,2000-08-02
Krzysztof768,Kowalski768,1946-11-13
Krzysztof769,Kowalski769,1979-09-22
Krzysztof770,Kowalski770,1950-09-22
Krzysztof771,Kowalski771,1975-05-22
Krzysztof772,Kowalski772,1960-02-18
Krzysztof773,Kowalski773,1925-11-24
Krzysztof774,Kowalski774,1921-05-17
Krzysztof775,Kowalski775,1962-05-13
Krzysztof776,Kowalski776,1960-06-21
Krzysztof777,Kowalski777,1985-09-10
Krzysztof778,Kowalski778,1992-05-27
Krzysztof779,Kowalski779,1922-05-08
Krzysztof780,Kowalski780,1942-04-13
Krzysztof781,Kowalski781,1923-04-11
Krzysztof782,Kowalski782,2014-09-13
Krzysztof783,Kowalski783,1957-11-16
Krzysztof784,Kowalski784,1977-02-19
Krzysztof785,Kowalski785,1933-08-09
Krzysztof786,Kowalski786,1986-02-03
Krzysztof787,Kowalski787,2018-09-09
Krzysztof788,Kowalski788,2001-07-10
Krzysztof789,Kowalski789,1967-02-20
Krzysztof790,Kowalski790,1990-02-23
Krzysztof791,Kowalski791,1968-03-05
Krzysztof792,Kowalski792,1993-01-19
Krzysztof793,Kowalski793,1923-10-06
Krzysztof794,Kowalski794,1927-11-25
Krzysztof795,Kowalski795,1952-08-18
Krzysztof796,Kowalski796,1950-03-06
Krzysztof797,Kowalski797,1991-07-02
Krzysztof798,Kowalski798,1991-05-12
Krzysztof799,Kowalski799,1927-05-02
Krzysztof800,Kowalski800,1988-01-06
Krzysztof801,Kowalski801,1927-04-27
Krzysztof802,Kowalski802,1964-05-13
Krzysztof803,Kowalski803,1945-04-08
Krzysztof804,Kowalski804,1954-11-27
Krzysztof805,Kowalski805,1923-03-17
Krzysztof806,Kowalski806,1972-03-16
Krzysztof807,Kowalski807,2008-01-25
Krzysztof808,Kowalski808,1945-09-19
Krzysztof809,Kowalski809,1962-02-03
Krzysztof810,Kowalski810,1987-07-05
Krzysztof811,Kowalski811,1926-04-22
Krzysztof812,Kowalski812,1940-11-09
Krzysztof813,Kowalski813,1950-05-05
Krzysztof814,Kowalski814,2017-03-13
Krzysztof815,Kowalski815,1986-08-24
Krzysztof816,Kowalski816,1943-05-18
Krzysztof817,Kowalski817,1943-11-05
Krzysztof818,Kowalski818,1921-03-08
Krzysztof819,Kowalski819,1931-02-06
Krzysztof820,Kowalski820,1954-09-08
Krzysztof821,Kowalski821,1979-06-20
Krzysztof822,Kowalski822,1968-01-05
Krzysztof823,Kowalski823,1922-05-15
Krzysztof824,Kowalski824,1993-05-26
Krzysztof825,Kowalski825,1983-07-25
Krzysztof826,Kowalski826,1930-02-04
Krzysztof827,Kowalski827,1941-04-11
Krzysztof828,Kowalski828,1927-04-23
Krzysztof829,Kowalski829,2005-02-02
Krzysztof830,Kowalski830,1964-06-16
Krzysztof831,Kowalski831,1969-03-25
Krzysztof832,Kowalski832,2004-02-17
Krzysztof833,Kowalski833,1990-07-17
Krzysztof834,Kowalski834,1994-11-06
Krzysztof835,Kowalski835,1949-07-03
Krzysztof836,Kowalski836,1996-02-25
Krzysztof837,Kowalski837,2007-10-03
Krzysztof838,Kowalski838,2016-07-04
Krzysztof839,Kowalski839,1946-01-14
Krzysztof840,Kowalski840,1978-09-16
Krzysztof841,Kowalski841,1933-11-12
Krzysztof842,Kowalski842,1944-07-07
Krzysztof843,Kowalski843,1998-10-14
Krzysztof844,Kowalski844,1962-03-10
Krzysztof845,Kowalski845,2005-01-04
Krzysztof846,Kowalski846,1991-10-25
Krzysztof847,Kowalski847,1953-01-18
Krzysztof848,Kowalski848,1940-04-09
Krzysztof849,Kowalski849,1967-03-11
Krzysztof850,Kowalski850,1974-02-27
Krzysztof851,Kowalski851,1988-03-01
Krzysztof852,Kowalski852,1929-02-21
Krzysztof853,Kowalski853,1974-03-03
Krzysztof854,Kowalski854,2004-05-05
Krzysztof855,Kowalski855,2013-10-26
Krzysztof856,Kowalski856,1984-02-22
Krzysztof857,Kowalski857,1924-03-18
Krzysztof858,Kowalski858,1941-02-27
Krzysztof859,Kowalski859,1932-11-26
Krzysztof860,Kowalski860,1949-05-27
Krzysztof861,Kowalski861,1968-10-09
Krzysztof862,Kowalski862,2006-09-20
Krzysztof863,Kowalski863,1995-07-12
Krzysztof864,Kowalski864,1930-06-14
Krzysztof865,Kowalski865,1993-10-19
Krzysztof866,Kowalski866,2004-06-02
Krzysztof867,Kowalski867,2010-01-06
Krzysztof868,Kowalski868,1948-02-08
Krzysztof869,Kowalski869,1972-04-02
Krzysztof870,Kowalski870,1971-03-08
Krzysztof871,Kowalski871,1946-06-22
Krzysztof872,Kowalski872,1921-10-21
Krzysztof873,Kowalski873,1947-06-18
Krzysztof874,Kowalski874,2017-07-09
Krzysztof875,Kowalski875,1948-07-24
Krzysztof876,Kowalski876,1944-05-06
Krzysztof877,Kowalski877,1964-11-15
Krzysztof878,Kowalski878,1972-04-15
Krzysztof879,Kowalski879,1978-02-15
Krzysztof880,Kowalski880,1973-10-03
Krzysztof881,Kowalski881,1944-06-22
Krzysztof882,Kowalski882,2009-07-20
Krzysztof883,Kowalski883,1992-07-16
Krzysztof884,Kowalski884,1928-11-01
Krzysztof885,Kowalski885,2012-05-13
Krzysztof886,Kowalski886,1934-08-05
Krzysztof887,Kowalski887,2001-04-18
Krzysztof888,Kowalski888,1965-08-25
Krzysztof889,Kowalski889,1990-02-13
Krzysztof890,Kowalski890,1955-11-04
Krzysztof891,Kowalski891,2010-06-14
Krzysztof892,Kowalski892,1926-08-08
Krzysztof893,Kowalski893,1998-04-24
Krzysztof894,Kowalski894,1932-09-16
Krzysztof895,Kowalski895,1977-02-06
Krzysztof896,Kowalski896,1957-10-09
Krzysztof897,Kowalski897,1964-03-06
Krzysztof898,Kowalski898,1983-05-11
Krzysztof899,Kowalski899,2000-02-02
Krzysztof900,Kowalski900,1969-01-10
Krzysztof901,Kowalski901,1927-07-08
Krzysztof902,Kowalski902,2002-08-22
Krzysztof903,Kowalski903,1953-04-08
Krzysztof904,Kowalski904,1928-09-23
Krzysztof905,Kowalski905,1944-05-12
Krzysztof906,Kowalski906,1950-11-21
Krzysztof907,Kowalski907,1953-10-05
Krzysztof908,Kowalski908,1939-02-15
Krzysztof909,Kowalski909,1980-03-10
Krzysztof910,Kowalski910,1983-11-15
Krzysztof911,Kowalski911,1968-10-03
Krzysztof912,Kowalski912,1978-03-19
Krzysztof913,Kowalski913,2008-04-06
Krzysztof914,Kowalski914,1991-07-07
Krzysztof915,Kowalski915,2012-11-11
Krzysztof916,Kowalski916,1930-02-04
Krzysztof917,Kowalski917,1977-02-18
Krzysztof918,Kowalski918,1929-04-06
Krzysztof919,Kowalski919,1994-03-01
Krzysztof920,Kowalski920,1961-03-10
Krzysztof921,Kowalski921,1981-06-19
Krzysztof922,Kowalski922,1961-03-06
Krzysztof923,Kowalski923,1935-08-21
Krzysztof924,Kowalski924,1954-10-10
Krzysztof925,Kowalski925,1954-03-22
Krzysztof926,Kowalski926,2008-02-12
Krzysztof927,Kowalski927,1952-11-12
Krzysztof928,Kowalski928,1950-10-19
Krzysztof929,Kowalski929,1947-01-14
Krzysztof930,Kowalski930,1955-03-09
Krzysztof931,Kowalski931,1976-03-02
Krzysztof932,Kowalski932,1995-11-26
Krzysztof933,Kowalski933,1954-05-03
Krzysztof934,Kowalski934,1921-04-09
Krzysztof935,Kowalski935,2007-03-05
Krzysztof936,Kowalski936,1939-09-22
Krzysztof937,Kowalski937,1979-09-17
Krzysztof938,Kowalski938,1993-02-21
Krzysztof939,Kowalski939,2007-10-10
Krzysztof940,Kowalski940,1978-08-27
Krzysztof941,Kowalski941,1959-10-03
Krzysztof942,Kowalski942,1946-03-19
Krzysztof943,Kowalski943,2017-01-23
Krzysztof944,Kowalski944,2006-05-15
Krzysztof945,Kowalski945,1953-03-08
Krzysztof946,Kowalski946,1991-01-09
Krzysztof947,Kowalski947,1955-10-27
Krzysztof948,Kowalski948,1959-03-19
Krzysztof949,Kowalski949,1958-03-22
Krzysztof950,Kowalski950,1927-09-08
Krzysztof951,Kowalski951,1961-11-14
Krzysztof952,Kowalski952,1959-11-06
Krzysztof953,Kowalski953,1936-10-21
Krzysztof954,Kowalski954,2013-08-01
Krzysztof955,Kowalski955,1986-02-02
Krzysztof956,Kowalski956,1959-11-20
Krzysztof957,Kowalski957,1953-01-04
Krzysztof958,Kowalski958,1944-07-06
Krzysztof959,Kowalski959,1938-10-18
Krzysztof960,Kowalski960,1988-07-14
Krzysztof961,Kowalski961,1978-08-01
Krzysztof962,Kowalski962,1998-06-27
Krzysztof963,Kowalski963,1981-04-20
Krzysztof964,Kowalski964,1934-06-02
Krzysztof965,Kowalski965,1919-09-16
Krzysztof966,Kowalski966,1957-01-17
Krzysztof967,Kowalski967,1937-06-26
Krzysztof968,Kowalski968,1920-07-04
Krzysztof969,Kowalski969,2014-06-06
Krzysztof970,Kowalski970,1961-05-12
Krzysztof971,Kowalski971,1942-06-18
Krzysztof972,Kowalski972,1993-09-12
Krzysztof973,Kowalski973,1995-06-02
Krzysztof974,Kowalski974,1975-09-10
Krzysztof975,Kowalski975,2016-09-08
Krzysztof976,Kowalski976,1978-03-16
Krzysztof977,Kowalski977,1988-04-11
Krzysztof978,Kowalski978,1969-01-07
Krzysztof979,Kowalski979,1950-07-15
Krzysztof980,Kowalski980,1947-07-07
Krzysztof981,Kowalski981,1938-04-26
Krzysztof982,Kowalski982,1978-04-11
Krzysztof983,Kowalski983,1928-04-24
Krzysztof984,Kowalski984,1972-01-22
Krzysztof985,Kowalski985,2017-10-11
Krzysztof986,Kowalski986,1931-05-02
Krzysztof987,Kowalski987,1963-05-14
Krzysztof988,Kowalski988,1938-10-19
Krzysztof989,Kowalski989,1921-09-23
Krzysztof990,Kowalski990,1970-01-24
Krzysztof991,Kowalski991,1997-11-14
Krzysztof992,Kowalski992,1977-05-25
Krzysztof993,Kowalski993,1948-11-23
Krzysztof994,Kowalski994,1955-08-05
Krzysztof995,Kowalski995,2001-06-08
Krzysztof996,Kowalski996,1943-11-15
Krzysztof997,Kowalski997,1921-03-17
Krzysztof998,Kowalski998,2015-05-04
Krzysztof999,Kowalski999,1961-08-25
